{
    "tileSize": 64,
    "top": 0,
    "left": 0,
    "bottom": 33,
    "right": 17,
    "walls": [
      {
        "x": 4,
        "y": 4,
        "width": 1,
        "height": 6
      },
      {
        "x": 4,
        "y": 4,
        "width": 9,
        "height": 1
      },
      {
        "x": 12,
        "y": 4,
        "width": 1,
        "height": 6
      },
      {
        "x": 5,
        "y": 22,
        "width": 2,
        "height": 1
      },
      {
        "x": 9,
        "y": 19,
        "width": 2,
        "height": 1
      },
      {
        "x": 5,
        "y": 16,
        "width": 2,
        "height": 1
      },
      {
        "x": 9,
        "y": 13,
        "width": 2,
        "height": 1
      },
      {
        "x": 4,
        "y": 25,
        "width": 1,
        "height": 6
      },
      {
        "x": 4,
        "y": 30,
        "width": 9,
        "height": 1
      },
      {
        "x": 12,
        "y": 25,
        "width": 1,
        "height": 6
      }
    ]
  }
  